"AQI_Bucket","PM2.5","AQI"
"Moderate","60.78","189"
"Good","5.92","20"
"Moderate","33.34","122"
"Moderate","33.55","103"
"Satisfactory","39.03","96"
"Moderate","48.08","102"
"Moderate","45.88","104"
"Moderate","39.93","101"
"Satisfactory","39.28","98"
"Moderate","47.03","104"
"Moderate","39.38","109"
"Satisfactory","33.47","94"
"Satisfactory","53.56","99"
"Moderate","37.93","109"
"Satisfactory","33.99","94"
"Moderate","29.63","118"
"Satisfactory","28.81","88"
"Satisfactory","23.31","87"
"Satisfactory","29.23","81"
"Satisfactory","32.55","85"
"Satisfactory","30.93","79"
"Satisfactory","35.48","80"
"Satisfactory","37.87","95"
"Satisfactory","30.34","83"
"Satisfactory","28.29","76"
"Satisfactory","27.9","74"
"Satisfactory","30.53","78"
"Satisfactory","32.43","71"
"Satisfactory","30.19","71"
"Satisfactory","29.62","70"
"Satisfactory","32.11","77"
"Satisfactory","27.53","83"
"Satisfactory","28.6","82"
"Satisfactory","28.89","81"
"Satisfactory","34.62","80"
"Satisfactory","37.13","82"
"Satisfactory","34.6","83"
"Satisfactory","26.41","81"
"Satisfactory","21.87","69"
"Satisfactory","21.31","68"
"Satisfactory","23.35","71"
"Satisfactory","29.3","81"
"Satisfactory","29.48","83"
"Satisfactory","30.38","87"
"Satisfactory","38.39","92"
"Satisfactory","36.56","84"
"Satisfactory","30.79","86"
"Satisfactory","32.09","87"
"Satisfactory","33.88","90"
"Satisfactory","41.37","99"
"Moderate","59.48","104"
"Moderate","59.82","109"
"Good","31.92","48"
"Good","28.35","49"
"Satisfactory","27.82","58"
"Satisfactory","46.57","80"
"Moderate","75.8","123"
"Moderate","63.64","170"
"Satisfactory","39.14","88"
"Satisfactory","46.49","77"
"Satisfactory","40.07","80"
"Satisfactory","48.86","85"
"Moderate","58.57","110"
"Moderate","46.76","112"
"Satisfactory","54.78","93"
"Moderate","65.75","136"
"Moderate","41.75","112"
"Satisfactory","29.8","73"
"Satisfactory","27.35","75"
"Satisfactory","50.16","99"
"Moderate","63.05","117"
"Satisfactory","70.05","93"
"Moderate","40.04","142"
"Satisfactory","23.83","72"
"Satisfactory","26.33","76"
"Satisfactory","33.27","55"
"Satisfactory","46.01","95"
"Satisfactory","36.92","75"
"Satisfactory","45.69","95"
"Moderate","48.43","113"
"Satisfactory","44.5","98"
"Satisfactory","44.26","83"
"Moderate","52.11","102"
"Satisfactory","56.44","91"
"Moderate","58.61","101"
"Moderate","58.08","109"
"Moderate","55.99","109"
"Moderate","54.47","110"
"Moderate","45.96","102"
"Satisfactory","38.65","94"
"Satisfactory","38.73","94"
"Satisfactory","44.75","99"
"Satisfactory","37.34","88"
"Satisfactory","39.85","94"
"Moderate","49.94","124"
"Moderate","40.09","114"
"Satisfactory","17.74","72"
"Good","28.86","50"
"Satisfactory","26.21","64"
"Satisfactory","22.11","61"
"Satisfactory","31.08","78"
"Satisfactory","36.76","83"
"Moderate","55.33","112"
"Moderate","48.22","112"
"Satisfactory","24.21","86"
"Satisfactory","16.87","62"
"Satisfactory","32.21","66"
"Satisfactory","35.14","82"
"Satisfactory","35.6","97"
"Satisfactory","20.93","86"
"Good","13.67","49"
"Good","13.4","35"
"Satisfactory","22.56","62"
"Good","21.62","47"
"Satisfactory","29.78","69"
"Satisfactory","27.87","74"
"Good","19.08","49"
"Good","17.86","50"
"Good","9.63","29"
"Good","10.57","30"
"Satisfactory","21.2","56"
"Satisfactory","18.52","77"
"Satisfactory","20.51","79"
"Satisfactory","23.59","85"
"Satisfactory","24.17","79"
"Satisfactory","21.88","76"
"Satisfactory","18.63","62"
"Good","14.77","39"
"Good","16.69","36"
"Good","15.43","35"
"Good","13.28","39"
"Good","18.86","40"
"Good","7.73","26"
"Good","18.82","30"
"Good","12.34","38"
"Good","15.51","34"
"Good","12.25","32"
"Good","11.2","34"
"Good","11.91","33"
"Good","12.77","34"
"Good","15.43","35"
"Good","20.93","41"
"Good","11.46","45"
"Good","11.19","38"
"Good","10","35"
"Good","12.37","36"
"Good","14.16","42"
"Good","15.62","46"
"Good","19.73","45"
"Satisfactory","18.52","56"
"Moderate","51.29","164"
"Satisfactory","49.33","85"
"Satisfactory","40.62","74"
"Satisfactory","45.56","81"
"Satisfactory","28.16","73"
"Satisfactory","74.6","82"
"Moderate","68.25","144"
"Moderate","29.95","120"
"Satisfactory","42.18","84"
"Moderate","30.69","149"
"Poor","38.43","202"
"Satisfactory","39.48","96"
"Satisfactory","33.9","96"
"Satisfactory","31.33","71"
"Good","27.71","48"
"Satisfactory","46.18","61"
"Satisfactory","42.11","82"
"Satisfactory","23.87","55"
"Satisfactory","52.24","80"
"Satisfactory","34.61","86"
"Moderate","39.27","101"
"Satisfactory","42.01","99"
"Satisfactory","","76"
"","",""
"","",""
"","34.46",""
"Satisfactory","29.83","90"
"Satisfactory","36.03","86"
"Satisfactory","32.77","91"
"Satisfactory","56.97","91"
"Satisfactory","41.58","81"
"Satisfactory","34.32","81"
"Moderate","79.2","109"
"Moderate","37.1","127"
"Satisfactory","61.29","92"
"Satisfactory","40.37","93"
"Satisfactory","37.18","84"
"Satisfactory","48.82","86"
"Satisfactory","34.52","93"
"Satisfactory","39","82"
"Moderate","69.85","136"
"Moderate","31.96","104"
"Satisfactory","27.78","78"
"Satisfactory","28.24","82"
"Satisfactory","19.53","84"
"Satisfactory","18.22","73"
"Satisfactory","28.14","64"
"Satisfactory","40.87","68"
"Satisfactory","33.66","79"
"Satisfactory","29.41","73"
"Satisfactory","36.17","77"
"Satisfactory","36.71","77"
"Satisfactory","25.13","77"
"Satisfactory","25.17","67"
"Satisfactory","32.9","68"
"Satisfactory","39.01","67"
"Satisfactory","31.68","71"
"Satisfactory","49.34","87"
"Satisfactory","65.67","98"
"Moderate","85.36","137"
"Moderate","49.27","156"
"Moderate","69.26","116"
"Moderate","51.96","104"
"Moderate","50","106"
"Satisfactory","44.9","81"
"Satisfactory","29.8","78"
"Satisfactory","25.58","66"
"Satisfactory","16.59","62"
"Satisfactory","25.6","58"
"Satisfactory","20.75","62"
"Satisfactory","25.51","78"
"Satisfactory","38.5","68"
"Satisfactory","40.16","75"
"Satisfactory","35.37","75"
"Satisfactory","35.94","77"
"Satisfactory","52.2","89"
"Satisfactory","41.34","94"
"Satisfactory","35.8","86"
"Moderate","44.53","146"
"Satisfactory","56.36","90"
"Satisfactory","37.27","83"
"Satisfactory","35.62","77"
"Satisfactory","68.01","76"
"Poor","193.3","277"
"Severe","226.74","431"
"Poor","57.62","213"
"Satisfactory","30.2","72"
"Satisfactory","31.17","70"
"Moderate","58.59","114"
"Moderate","53.74","115"
"Satisfactory","36.65","100"
"Satisfactory","25.9","68"
"Satisfactory","31.32","70"
"Satisfactory","53.37","83"
"Moderate","62.08","113"
"Satisfactory","19.87","88"
"Satisfactory","41.87","75"
"Satisfactory","24.56","99"
"Moderate","68.88","165"
"Moderate","37.49","102"
"Moderate","64.42","159"
"Moderate","74.58","174"
"Poor","102.46","270"
"Very Poor","112.71","397"
"Very Poor","125.8","371"
"Very Poor","114.07","328"
"Poor","96.39","254"
"Very Poor","120.43","342"
"Very Poor","121.21","367"
"Very Poor","128.51","400"
"Very Poor","120.88","390"
"Severe","151.17","417"
"Very Poor","149.42","359"
"Very Poor","168.23","309"
"Poor","118.34","292"
"Poor","156.38","278"
"Very Poor","152.66","320"
"Very Poor","113.62","350"
"Poor","69.44","234"
"Poor","91.19","233"
"Very Poor","105.71","341"
"Poor","83.36","259"
"Poor","70.62","204"
"Poor","84.4","220"
"Poor","47.67","255"
"Poor","62.44","211"
"Severe","150.76","428"
"Severe","151.25","497"
"Poor","68.88","289"
"Poor","129.15","285"
"Very Poor","146.59","368"
"Very Poor","107.69","304"
"Very Poor","163.97","377"
"Severe","184.69","418"
"Very Poor","176.54","355"
"Severe","175.23","416"
"Severe","145.22","403"
"Severe","152.84","415"
"Severe","136.35","412"
"Very Poor","152.99","394"
"Very Poor","130.13","357"
"Poor","110.54","291"
"Poor","103.42","244"
"Poor","99.09","287"
"Poor","96.07","254"
"Poor","72.31","242"
"Poor","93.14","223"
"Poor","109.36","243"
"Poor","126.74","237"
"Poor","80.81","275"
"Moderate","85.8","183"
"Very Poor","198.2","370"
"Severe","145.74","419"
"Very Poor","109.91","317"
"Severe","207.4","455"
"Severe","204.56","435"
"Severe","220.77","468"
"Severe","183.82","442"
"Very Poor","109.76","400"
"Poor","74.42","223"
"Poor","94.28","220"
"Severe","216.96","474"
"Severe","198.09","479"
"Very Poor","121.76","373"
"Very Poor","135.54","354"
"Very Poor","123.21","349"
"Poor","78.18","264"
"Moderate","126.04","188"
"Poor","139.1","294"
"Very Poor","233.82","334"
"Severe","178.44","505"
"Very Poor","110.1","349"
"Severe","118.43","421"
"Poor","107.37","238"
"Poor","113.9","204"
"Poor","103.75","289"
"Poor","69.88","236"
"Moderate","40.33","148"
"Satisfactory","48.95","94"
"Moderate","63.27","130"
"Moderate","56.38","123"
"Moderate","95.23","192"
"Very Poor","123.44","324"
"Very Poor","122.2","357"
"Very Poor","121.1","393"
"Very Poor","71.89","302"
"Poor","80.37","239"
"Poor","40.87","210"
"Satisfactory","41.83","77"
"Satisfactory","66.73","89"
"Moderate","64.63","143"
"Satisfactory","43.02","80"
"Satisfactory","57.4","92"
"Moderate","48.6","112"
"Moderate","62","117"
"Moderate","80.14","101"
"Moderate","51.6","106"
"Satisfactory","41.96","88"
"Satisfactory","65.19","94"
"Moderate","60.9","150"
"Satisfactory","35.1","97"
"Moderate","58.27","109"
"Moderate","61.93","124"
"","44.08",""
"Moderate","63.62","111"
"Moderate","76.1","148"
"Moderate","51.52","108"
"Satisfactory","36.62","73"
"Satisfactory","29.83","58"
"Satisfactory","22.98","58"
"Good","25.83","46"
"Satisfactory","43.35","84"
"Satisfactory","20.52","54"
"Good","46.71","49"
"Moderate","116.12","149"
"Poor","50.81","212"
"Satisfactory","47.17","85"
"Satisfactory","41.42","77"
"Satisfactory","45.31","65"
"Moderate","58.46","108"
"Satisfactory","41.92","78"
"Satisfactory","33.04","59"
"Good","22.35","47"
"Good","22.44","39"
"Good","30.35","40"
"Satisfactory","32.02","56"
"Satisfactory","38.77","65"
"Satisfactory","33.56","71"
"Satisfactory","37.67","97"
"Moderate","55.96","118"
"Moderate","28.88","116"
"Satisfactory","23.12","53"
"Good","18.54","30"
"Good","22.65","37"
"Good","17.52","35"
"Good","22.17","37"
"Good","20.17","32"
"Good","24.42","41"
"Good","25.71","42"
"Good","27.25","47"
"Good","10.88","30"
"Good","17.1","29"
"Good","17.24","44"
"Good","27.56","40"
"Good","27.29","49"
"Good","42.65","50"
"Satisfactory","53.69","88"
"Satisfactory","61.44","99"
"Moderate","46.65","106"
"Moderate","54.77","115"
"Moderate","80.47","142"
"Moderate","64.37","169"
"Moderate","51.56","110"
"Moderate","53.05","106"
"Satisfactory","60.83","99"
"Moderate","55.55","109"
"Moderate","70.81","137"
"Moderate","55.93","144"
"Satisfactory","11.81","92"
"Satisfactory","17.76","83"
"Satisfactory","35.5","84"
"Moderate","50.09","104"
"Moderate","66.12","131"
"Moderate","80.94","165"
"Moderate","75.4","176"
"Moderate","89.38","172"
"Moderate","74.2","137"
"Moderate","68.47","131"
"Moderate","63.41","132"
"Moderate","69.45","115"
"Moderate","76.81","151"
"Moderate","75.73","180"
"Moderate","79.81","183"
"Moderate","70.98","193"
"Poor","102.2","224"
"Poor","107.63","268"
"Poor","105.88","253"
"Poor","104.45","208"
"Poor","106.85","211"
"Poor","137.42","246"
"Very Poor","147.07","319"
"Very Poor","147.83","317"
"Very Poor","152.61","310"
"Very Poor","121.7","313"
"Very Poor","152.16","310"
"Very Poor","176.17","336"
"Severe","426.52","497"
"Severe","213.12","404"
"Very Poor","146.01","338"
"Very Poor","163.35","327"
"Very Poor","188.24","366"
"Very Poor","203.03","357"
"Very Poor","178.91","328"
"Very Poor","167.54","345"
"Very Poor","198.37","379"
"Very Poor","187.82","362"
"Very Poor","196.37","340"
"Very Poor","211.64","366"
"Very Poor","179.17","344"
"Very Poor","160.69","305"
"Very Poor","168.16","310"
"Very Poor","190.33","345"
"Very Poor","209.61","370"
"Very Poor","216.53","377"
"Severe","517.93","532"
"Severe","639.19","675"
"Severe","495.9","677"
"Severe","370.73","597"
"Severe","363.77","471"
"Severe","465.08","613"
"Severe","354.56","561"
"Severe","254.36","444"
"Very Poor","192.04","378"
"Very Poor","191.57","357"
"Very Poor","150.79","330"
"Very Poor","143.51","309"
"Poor","128.65","297"
"Very Poor","171.34","329"
"Very Poor","178.08","341"
"Very Poor","177.41","348"
"Very Poor","175.56","340"
"Very Poor","187.97","348"
"Very Poor","185.31","347"
"Very Poor","224.37","368"
"Very Poor","198.34","382"
"Very Poor","167.74","360"
"Very Poor","215.17","359"
"Very Poor","219.84","388"
"Very Poor","190.45","377"
"Very Poor","208.87","356"
"Very Poor","240.87","384"
"Severe","261.82","415"
"Severe","230.56","404"
"Very Poor","120.91","330"
"Poor","88.95","215"
"Poor","115.08","220"
"Very Poor","165.76","312"
"Very Poor","230.34","389"
"Severe","218.87","406"
"Poor","109.18","280"
"Poor","134.99","263"
"Poor","126.67","276"
"Poor","127.57","292"
"Poor","100.72","228"
"Moderate","95.58","195"
"Poor","115.19","223"
"Poor","168.33","291"
"Very Poor","283.24","378"
"Severe","293.14","467"
"Very Poor","157.72","370"
"Poor","117.72","253"
"Very Poor","203.18","309"
"Very Poor","259","398"
"Very Poor","224.42","372"
"Very Poor","224.27","379"
"Very Poor","249.17","398"
"Very Poor","227.28","399"
"Severe","273.56","421"
"Severe","306.17","451"
"Severe","303.41","462"
"Severe","277.48","439"
"Severe","217.01","405"
"Very Poor","248.54","394"
"Very Poor","240.42","398"
"Severe","252.57","403"
"Very Poor","191.66","384"
"Very Poor","152.98","314"
"Very Poor","233.1","373"
"Very Poor","186.26","366"
"Very Poor","154.64","318"
"Very Poor","168.87","306"
"Very Poor","230.5","370"
"Very Poor","191.47","365"
"Very Poor","177.71","352"
"Poor","133.56","278"
"Very Poor","235.06","350"
"Severe","276.25","411"
"Severe","253.7","451"
"Very Poor","152.33","351"
"Very Poor","153.61","310"
"Very Poor","202.11","362"
"Very Poor","160.79","343"
"Poor","130.16","286"
"Poor","111.75","267"
"Poor","128.45","263"
"Poor","155.2","284"
"Very Poor","150.96","334"
"Very Poor","162.48","332"
"Poor","126.84","300"
"Poor","123.48","271"
"Poor","157.33","293"
"Very Poor","140.35","318"
"Poor","115.05","277"
"Poor","133.8","284"
"Very Poor","163.6","313"
"Very Poor","143.29","324"
"Poor","131.49","287"
"Very Poor","186.19","334"
"Very Poor","203.33","375"
"Very Poor","209.7","378"
"Very Poor","148.13","350"
"Poor","72.36","218"
"Moderate","103.93","189"
"Poor","76.92","217"
"Moderate","94.49","189"
"Poor","123.19","248"
"Poor","127.8","277"
"Poor","127.27","284"
"Very Poor","172.55","321"
"Very Poor","167.16","335"
"Very Poor","172.99","347"
"Very Poor","159.67","333"
"Very Poor","163.75","331"
"Very Poor","164.2","347"
"Very Poor","106.26","317"
"Moderate","67.27","170"
"Moderate","85.53","167"
"Poor","143.25","274"
"Poor","120.71","293"
"Poor","139.18","300"
"Poor","98.25","244"
"Poor","79.83","205"
"Moderate","76.96","180"
"Moderate","75.45","170"
"Moderate","87.62","192"
"Poor","139.88","262"
"Very Poor","134.76","316"
"Poor","75.67","207"
"Moderate","88.3","179"
"Poor","105.29","236"
"Poor","109.22","241"
"Poor","116.62","287"
"Very Poor","108.98","314"
"Poor","111.67","269"
"Poor","81.57","218"
"Moderate","82.15","177"
"Moderate","81.93","177"
"Poor","109.99","224"
"Very Poor","133.53","302"
"Moderate","63.69","179"
"Moderate","56.06","146"
"Moderate","51.04","123"
"Moderate","48.02","132"
"Moderate","49.79","122"
"Moderate","51.3","147"
"Moderate","56.72","150"
"Moderate","65.09","153"
"Moderate","","145"
"","73.29",""
"","",""
"","64.04",""
"","48.49",""
"Moderate","48.76","125"
"Moderate","51.75","145"
"Moderate","63.19","169"
"Moderate","57.74","143"
"Moderate","55.7","149"
"Moderate","53.71","146"
"Moderate","56.87","158"
"Moderate","62.05","154"
"Moderate","62.82","172"
"Moderate","76.86","174"
"Moderate","65.54","168"
"Moderate","72.91","163"
"Moderate","70.04","176"
"Moderate","54.61","140"
"Moderate","63.47","152"
"Moderate","56.9","158"
"Moderate","51.82","137"
"Moderate","49.73","138"
"Moderate","38.67","124"
"Moderate","50.03","117"
"Moderate","61.98","123"
"Moderate","57.49","136"
"Moderate","56.54","146"
"Moderate","50.82","128"
"Moderate","63.59","136"
"Moderate","66.38","174"
"Moderate","50.75","135"
"Moderate","52.93","123"
"Moderate","74.39","160"
"Moderate","92.96","197"
"Poor","96.74","219"
"Poor","88.48","210"
"Moderate","68.03","149"
"Moderate","67.26","119"
"Moderate","69.88","130"
"Moderate","65.85","143"
"Moderate","81.14","154"
"Moderate","81.34","188"
"Moderate","79.78","181"
"Moderate","80.41","175"
"Poor","103.76","239"
"Poor","84.61","221"
"Moderate","75.92","180"
"Moderate","81.14","183"
"Moderate","52.78","156"
"Moderate","57.44","156"
"Moderate","71.68","150"
"Moderate","84.32","199"
"Poor","85.51","201"
"Moderate","76.86","187"
"Moderate","75.79","197"
"Moderate","66.32","163"
"Moderate","68.1","162"
"Moderate","69.37","162"
"Moderate","83.31","184"
"Moderate","84.99","200"
"Moderate","82.07","190"
"Poor","93.45","234"
"Moderate","51","160"
"Moderate","34.26","114"
"Satisfactory","26.04","100"
"Moderate","53.38","125"
"Moderate","47.4","133"
"Moderate","38.28","131"
"Moderate","36.88","117"
"Moderate","46.01","112"
"Moderate","47.42","118"
"Moderate","51.55","150"
"Moderate","51.24","151"
"Moderate","48.04","146"
"Moderate","50.63","152"
"Moderate","73.37","186"
"Poor","66.26","201"
"Moderate","65.62","164"
"Moderate","43.34","156"
"Moderate","18.67","103"
"Moderate","52.26","132"
"Moderate","72.35","170"
"Moderate","86.52","180"
"Poor","101.67","213"
"Poor","94.74","225"
"Moderate","78.47","190"
"Moderate","49.64","139"
"Moderate","47.74","118"
"Moderate","52.57","125"
"Moderate","59.84","165"
"Moderate","54.99","155"
"Moderate","49.87","143"
"Moderate","64.73","166"
"Moderate","35.61","114"
"Moderate","38.3","105"
"Moderate","58.39","156"
"Moderate","31.67","140"
"Moderate","35.64","119"
"Moderate","27.8","118"
"Moderate","22.69","108"
"Moderate","49.14","106"
"Moderate","41.12","159"
"Moderate","49.77","184"
"Moderate","15.85","114"
"Satisfactory","16.82","95"
"Moderate","22.15","106"
"Moderate","23.44","113"
"Moderate","25.23","113"
"Moderate","29.13","122"
"Moderate","36.24","151"
"Moderate","30.19","142"
"Moderate","23.72","127"
"Moderate","21.02","109"
"Moderate","23.36","142"
"Moderate","21.54","104"
"Moderate","28.02","124"
"Moderate","39.49","153"
"Moderate","37.52","135"
"Moderate","40.68","137"
"Moderate","35.58","140"
"Moderate","27.08","108"
"Satisfactory","19.81","98"
"Satisfactory","18.03","81"
"Satisfactory","31.96","90"
"Moderate","49.58","149"
"Moderate","55.04","160"
"Moderate","40.69","147"
"Moderate","34.51","128"
"Moderate","32.94","111"
"Satisfactory","29.55","98"
"Moderate","24.24","101"
"Satisfactory","18.43","87"
"Satisfactory","19.8","90"
"Satisfactory","22.9","86"
"Moderate","27.35","138"
"Satisfactory","16.91","94"
"Satisfactory","19.09","94"
"Satisfactory","17.84","95"
"Satisfactory","18.74","98"
"Satisfactory","16.1","95"
"Satisfactory","16.87","93"
"Satisfactory","14.22","94"
"Satisfactory","17.17","92"
"Satisfactory","22.32","96"
"Moderate","33.1","109"
"Moderate","22.7","108"
"Moderate","20.7","102"
"Moderate","27.28","101"
"Satisfactory","13.15","93"
"Satisfactory","21.44","96"
"Satisfactory","21.5","99"
"Moderate","22.27","102"
"Satisfactory","21.17","100"
"Satisfactory","20.98","98"
"Satisfactory","18.09","97"
"Satisfactory","16.24","93"
"Satisfactory","17.48","90"
"Satisfactory","17.19","93"
"Satisfactory","26.23","100"
"Moderate","23.77","103"
"Satisfactory","22.63","97"
"Satisfactory","21.86","96"
"Satisfactory","19.09","90"
"Moderate","21.65","105"
"Satisfactory","17.93","97"
"Satisfactory","16.54","92"
"Satisfactory","14.8","91"
"Satisfactory","15.73","93"
"Satisfactory","13.48","95"
"Satisfactory","12.89","90"
"Satisfactory","10.95","91"
"Satisfactory","12.8","89"
"Satisfactory","12.96","93"
"Satisfactory","14.62","94"
"Satisfactory","18.73","92"
"Satisfactory","15.43","92"
"Satisfactory","15.19","80"
"Satisfactory","16.01","76"
"Satisfactory","15.25","79"
"Satisfactory","16.14","92"
"Satisfactory","12.37","83"
"Satisfactory","12.04","84"
"Satisfactory","14.62","92"
"Satisfactory","11.08","89"
"Satisfactory","25.61","93"
"Satisfactory","16.84","90"
"Satisfactory","14.03","75"
"Satisfactory","17.07","71"
"Satisfactory","18.11","86"
"Satisfactory","16.57","90"
"Satisfactory","14.93","91"
"Satisfactory","12.88","73"
"Satisfactory","13.92","76"
"Satisfactory","12.38","81"
"Satisfactory","12.49","81"
"Satisfactory","16.91","81"
"Satisfactory","14.51","66"
"Satisfactory","16.41","64"
"Satisfactory","12.41","65"
"Satisfactory","12.86","72"
"Satisfactory","14.42","77"
"Satisfactory","16.3","86"
"Satisfactory","18.41","87"
"Satisfactory","18.13","90"
"Satisfactory","15.48","71"
"Satisfactory","13.64","61"
"Satisfactory","15.87","69"
"Satisfactory","13.97","62"
"Satisfactory","11.64","58"
"Satisfactory","12.33","60"
"Satisfactory","14.3","65"
"Satisfactory","14.45","61"
"Satisfactory","15.98","80"
"Satisfactory","16.49","82"
"Satisfactory","19.33","84"
"Satisfactory","18.81","90"
"Satisfactory","20.36","92"
"Satisfactory","17.72","71"
"Satisfactory","15.04","63"
"Satisfactory","10.52","60"
"Satisfactory","7.2","59"
"Satisfactory","10.31","63"
"Satisfactory","11.91","59"
"Satisfactory","8.73","59"
"Satisfactory","9.86","61"
"Satisfactory","13.44","67"
"Satisfactory","16.28","68"
"Satisfactory","13.97","84"
"Satisfactory","10.48","57"
"Satisfactory","17.65","76"
"Satisfactory","9.78","84"
"Satisfactory","10.49","61"
"Satisfactory","8.69","59"
"Satisfactory","11","67"
"Satisfactory","11.6","72"
"Satisfactory","11.06","63"
"Satisfactory","9.18","65"
"Satisfactory","10.76","66"
"Satisfactory","11.46","66"
"Satisfactory","14.55","69"
"Satisfactory","14.07","70"
"Satisfactory","18.79","77"
"Satisfactory","18.67","78"
"Satisfactory","22.6","79"
"Satisfactory","11.58","64"
"Satisfactory","7.33","55"
"Satisfactory","7.93","51"
"Satisfactory","14.23","56"
"Satisfactory","11.83","59"
"Satisfactory","11.84","56"
"Satisfactory","14.16","61"
"Satisfactory","12.93","65"
"Satisfactory","10.37","58"
"Satisfactory","9.25","56"
"Satisfactory","9.44","58"
"Satisfactory","7.97","56"
"Good","8.06","49"
"Good","10.3","48"
"Satisfactory","11.9","56"
"Satisfactory","10.6","59"
"Satisfactory","12.73","60"
"Satisfactory","18.67","69"
"Satisfactory","18.48","74"
"Satisfactory","18.71","78"
"Satisfactory","15.56","72"
"Satisfactory","12.73","66"
"Satisfactory","13.07","66"
"Satisfactory","15.06","69"
"Satisfactory","11.75","70"
"Satisfactory","11.89","60"
"Satisfactory","13.3","67"
"Satisfactory","11.37","65"
"Satisfactory","11.44","67"
"Satisfactory","13.78","73"
"Satisfactory","15.77","68"
"Satisfactory","12.96","62"
"Satisfactory","16.01","64"
"Satisfactory","18.56","62"
"Satisfactory","12.37","66"
"Satisfactory","14.76","73"
"Satisfactory","13.53","64"
"Satisfactory","12.75","53"
"Satisfactory","13.24","57"
"Satisfactory","11.17","62"
"Satisfactory","11.53","62"
"Satisfactory","9.75","62"
"Satisfactory","12.12","67"
"Satisfactory","6.72","60"
"Satisfactory","7.68","54"
"Good","5.68","49"
"Good","7.6","47"
"Good","10.71","49"
"Satisfactory","8.69","51"
"Satisfactory","12.07","54"
"Satisfactory","13.89","54"
"Satisfactory","14.62","55"
"Satisfactory","10.93","55"
"Satisfactory","12.93","53"
"Satisfactory","13.24","60"
"Satisfactory","10.85","57"
"Satisfactory","11.95","65"
"Satisfactory","16.24","64"
"Satisfactory","17.95","80"
"Satisfactory","21.73","83"
"Satisfactory","14.94","73"
"Satisfactory","12.09","57"
"Satisfactory","15.09","56"
"Satisfactory","18.6","64"
"Satisfactory","15.04","67"
"Satisfactory","16.9","64"
"Satisfactory","17.28","70"
"Good","8.39","49"
"Good","8.32","40"
"Good","9.62","42"
"Good","8.33","41"
"Good","10.46","50"
"Satisfactory","16.15","64"
"Satisfactory","17.62","68"
"Satisfactory","24.77","72"
"Satisfactory","32.11","96"
"Satisfactory","35.13","99"
"Satisfactory","45.48","93"
"Moderate","54.08","112"
"Satisfactory","21.6","90"
"Satisfactory","39.03","89"
"Moderate","39.11","118"
"Moderate","49.37","110"
"Moderate","42.92","112"
"Moderate","55.33","117"
"Moderate","50.61","116"
"Moderate","49.19","121"
"Moderate","56.89","135"
"Moderate","62.55","135"
"Satisfactory","28.56","99"
"Satisfactory","15.09","86"
"Satisfactory","17.75","81"
"Satisfactory","17.92","76"
"Satisfactory","17.85","72"
"Satisfactory","30.71","87"
"Satisfactory","20.04","82"
"Satisfactory","25.58","69"
"Moderate","39.09","105"
"Satisfactory","53.5","92"
"Moderate","56.28","113"
"Satisfactory","40.81","97"
"Satisfactory","25.37","81"
"Satisfactory","16.55","77"
"Satisfactory","11.99","57"
"Satisfactory","20.09","71"
"Satisfactory","28.41","78"
"Satisfactory","36.96","79"
"Moderate","52.87","105"
"Satisfactory","19.26","84"
"Satisfactory","12.19","57"
"Satisfactory","27.12","82"
"Satisfactory","49.51","97"
"Moderate","57.72","108"
"Moderate","69.7","134"
"Moderate","64.9","140"
"Moderate","62.54","128"
"Moderate","69.75","131"
"Moderate","77.05","149"
"Moderate","70.89","149"
"Moderate","72.13","140"
"Moderate","90.92","184"
"Poor","91.86","209"
"Poor","92.37","209"
"Poor","87.03","208"
"Moderate","82.21","184"
"Moderate","82.78","176"
"Moderate","89.06","190"
"Moderate","83.45","193"
"Moderate","73.81","173"
"Moderate","71.95","146"
"Moderate","81.38","163"
"Moderate","87.36","186"
"Poor","94.89","212"
"Moderate","64.67","174"
"Moderate","39.87","115"
"Satisfactory","49.87","99"
"Moderate","65.29","111"
"Moderate","83.28","180"
"Moderate","70.54","154"
"Moderate","88.13","174"
"Poor","82.73","205"
"Moderate","82.73","171"
"Moderate","95.77","198"
"Poor","95.21","229"
"Poor","72.43","203"
"Moderate","50.06","110"
"Moderate","69.63","128"
"Moderate","89.46","180"
"Moderate","80.42","191"
"Moderate","73.92","164"
"Moderate","75.17","164"
"Moderate","94.27","187"
"Poor","94.04","212"
"Poor","94.72","225"
"Poor","94.33","214"
"Poor","122.89","250"
"Poor","134.32","283"
"Poor","87.5","268"
"Moderate","88.03","184"
"Moderate","75.77","167"
"Moderate","75.81","160"
"Moderate","86.42","181"
"Moderate","65.76","159"
"Moderate","104.06","194"
"Poor","107.87","260"
"Poor","93.64","221"
"Poor","94.05","225"
"Poor","91.04","229"
"Moderate","70.2","157"
"Moderate","87.2","177"
"Moderate","64.97","166"
"Moderate","59.98","122"
"Moderate","65.06","127"
"Moderate","76.71","151"
"Poor","98.12","211"
"Moderate","68.39","178"
"Satisfactory","36.33","100"
"Satisfactory","30.53","97"
"Satisfactory","34.16","90"
"Satisfactory","51","93"
"Moderate","87.28","160"
"Poor","96.1","213"
"Poor","89.26","205"
"Poor","96.99","227"
"Moderate","78.69","192"
"Moderate","87.78","196"
"Moderate","73.57","172"
"Moderate","91.57","182"
"Poor","103.35","253"
"Moderate","57.22","183"
"Satisfactory","25.47","94"
"Satisfactory","19.77","85"
"Moderate","52.66","123"
"Moderate","65.97","145"
"Moderate","72.14","154"
"Moderate","80.79","183"
"Moderate","83.47","192"
"Moderate","77.73","178"
"Moderate","60.91","151"
"Moderate","47.67","138"
"Moderate","49.35","129"
"Moderate","68.47","133"
"Moderate","68.29","142"
"Moderate","56.58","134"
"Moderate","60.95","130"
"Moderate","60.53","136"
"Moderate","67.91","144"
"Moderate","58.14","141"
"Moderate","53.27","141"
"Moderate","68.93","147"
"Poor","102.48","234"
"Poor","88.15","217"
"Poor","92.5","224"
"Moderate","62.8","175"
"Moderate","39.37","110"
"Moderate","65.93","121"
"Moderate","77.63","185"
"Moderate","84.7","176"
"Moderate","48.01","170"
"Moderate","41.03","130"
"Moderate","51.74","136"
"Moderate","77.61","173"
"Moderate","74.98","193"
"Moderate","43.39","125"
"Moderate","52.18","123"
"Moderate","43.68","127"
"Moderate","36.73","118"
"Moderate","32.59","108"
"Moderate","20.15","102"
"Moderate","24.45","107"
"Moderate","27","122"
"Moderate","35.03","121"
"Moderate","40.47","128"
"Satisfactory","16.04","88"
"Satisfactory","18.59","80"
"Satisfactory","23.81","84"
"Moderate","30.33","117"
"Moderate","49.84","143"
"Moderate","57.99","154"
"Moderate","78.54","191"
"Moderate","52.03","167"
"Moderate","30.33","113"
"Satisfactory","21.08","91"
"Satisfactory","20.14","82"
"Satisfactory","16.75","67"
"Satisfactory","23.48","66"
"Poor","125.35","294"
"Very Poor","136.26","313"
"Very Poor","201","306"
"Moderate","66.43","145"
"Moderate","66.17","137"
"Moderate","116.88","196"
"Very Poor","192","306"
"Poor","114.42","253"
"Very Poor","132.89","311"
"Poor","124.45","270"
"Very Poor","128.25","305"
"Very Poor","170.54","330"
"Very Poor","217.82","355"
"Very Poor","211.84","377"
"Very Poor","183.37","354"
"Very Poor","217.98","361"
"Very Poor","225.05","367"
"Very Poor","214.09","385"
"Very Poor","200.98","374"
"Very Poor","240.12","375"
"Very Poor","249.21","392"
"Severe","279.32","402"
"Severe","222.41","407"
"Very Poor","238.43","388"
"Very Poor","195.85","362"
"Very Poor","275.71","394"
"Severe","315.16","441"
"Severe","422.92","447"
"Severe","273.82","407"
"Severe","305.56","422"
"Severe","281.76","426"
"Severe","253.51","436"
"Very Poor","240.39","389"
"Very Poor","199.25","381"
"Very Poor","119.5","348"
"Very Poor","221.33","365"
"Very Poor","247.61","394"
"Very Poor","189.19","395"
"Very Poor","160.84","309"
"Very Poor","230.61","359"
"Severe","242.71","416"
"Very Poor","174.18","358"
"Very Poor","186.38","343"
"Very Poor","198.38","359"
"Very Poor","169.68","344"
"Very Poor","150.2","329"
"Very Poor","194.92","336"
"Very Poor","276.74","381"
"Severe","250.54","431"
"Very Poor","207.56","387"
"Very Poor","208.42","353"
"Severe","272.46","405"
"Severe","321.28","415"
"Severe","283.03","463"
"Severe","322.19","412"
"Severe","645.5","490"
"Severe","299.25","423"
"Severe","296.46","444"
"Severe","281.18","428"
"Severe","284.03","430"
"Severe","255.32","405"
"Very Poor","218.97","379"
"Very Poor","324.5","390"
"Severe","364.83","477"
"Severe","391.47","498"
"Severe","498.75","507"
"Severe","498.02","586"
"Severe","553.63","619"
"Severe","454.15","598"
"Severe","406.49","522"
"Severe","361.88","501"
"Severe","373.44","490"
"Severe","451.4","542"
"Severe","290.05","488"
"Severe","260.51","414"
"Very Poor","196.61","383"
"Very Poor","156.03","330"
"Very Poor","234.13","366"
"Severe","301.41","417"
"Severe","355.4","456"
"Severe","412.87","512"
"Severe","312.14","502"
"Very Poor","195.43","393"
"Very Poor","190.89","341"
"Very Poor","194.96","364"
"Very Poor","211.12","357"
"Very Poor","184.21","347"
"Very Poor","167.6","354"
"Very Poor","159.71","328"
"Very Poor","269.74","346"
"Severe","302.58","454"
"Severe","335.55","440"
"Severe","298.3","468"
"Severe","248.62","424"
"Very Poor","272.65","395"
"Severe","309.87","443"
"Severe","337.37","463"
"Severe","345.73","453"
"Severe","239.65","458"
"Very Poor","212.25","368"
"Very Poor","102.21","320"
"Poor","148.58","280"
"Very Poor","365","333"
"","",""
"","",""
"","",""
"","193.44",""
"Very Poor","194.24","359"
"Very Poor","248.22","374"
"Very Poor","181.54","373"
"Very Poor","223.92","361"
"Very Poor","189.19","362"
"Very Poor","196.19","359"
"Very Poor","198.92","350"
"","115.71",""
"Very Poor","116.36","303"
"Poor","94.58","222"
"Poor","122.07","272"
"Very Poor","130.5","301"
"Moderate","63.6","148"
"Moderate","96.72","157"
"Very Poor","131.62","301"
"Very Poor","161.57","322"
"Very Poor","112.65","306"
"Poor","113.99","269"
"Poor","127.13","298"
"Very Poor","146.86","317"
"Very Poor","91.83","320"
"Very Poor","144.07","303"
"Very Poor","180.16","343"
"Very Poor","175.65","327"
"Very Poor","247.52","390"
"Very Poor","205","376"
"Poor","94.47","210"
"Moderate","51.77","156"
"Moderate","82.68","155"
"Moderate","79.5","174"
"","66.46",""
"Poor","73.38","216"
"Moderate","32","125"
"Moderate","61.64","170"
"Poor","102.93","240"
"Poor","104.17","241"
"Moderate","80.08","157"
"Very Poor","155.15","314"
"Poor","66.5","280"
"","",""
"Moderate","84.45","193"
"Satisfactory","41.42","100"
"Moderate","142.92","176"
"","165.42",""
"","122.33",""
"Very Poor","142.83","322"
"Very Poor","151.61","314"
"Moderate","72.89","199"
"Moderate","81.45","139"
"","148.2",""
"Very Poor","185.62","342"
"Very Poor","158.58","341"
"Very Poor","165.01","335"
"Very Poor","146.45","331"
"Very Poor","113.67","305"
"Poor","138.54","296"
"Satisfactory","43.54","73"
"Satisfactory","","75"
"","117.86",""
"","114.19",""
"Poor","111.81","286"
"Poor","115.11","276"
"Poor","112.84","289"
"Poor","147.55","286"
"Very Poor","246.45","354"
"Severe","296.86","430"
"Severe","318.54","439"
"Severe","263.01","429"
"Very Poor","192.85","372"
"Very Poor","173.11","345"
"Very Poor","166.83","341"
"Very Poor","106.35","314"
"Poor","109.71","250"
"Poor","110.19","233"
"Very Poor","136.59","306"
"Very Poor","165.27","310"
"Very Poor","181.46","360"
"Very Poor","136.75","322"
"Very Poor","210.4","335"
"Very Poor","262.21","398"
"Severe","203.29","406"
"Severe","305.93","406"
"Severe","348.67","474"
"Severe","284.45","447"
"Severe","237.81","407"
"Severe","300.46","431"
"Severe","339.2","438"
"Severe","401.35","480"
"Severe","414.58","550"
"Severe","279.39","457"
"Severe","296.04","415"
"Severe","335.71","446"
"Severe","363.93","481"
"Severe","275.48","465"
"Severe","226.61","407"
"","270.39",""
"Very Poor","195.21","387"
"Very Poor","215.61","366"
"Very Poor","244.8","385"
"Very Poor","182.27","378"
"Very Poor","127.78","314"
"Very Poor","140.22","308"
"Very Poor","179.33","336"
"Very Poor","244.25","365"
"Severe","279.72","406"
"Severe","302.05","441"
"","242.16",""
"Very Poor","205.39","391"
"Moderate","62.29","153"
"Moderate","82.35","158"
"Moderate","51.25","138"
"Moderate","56.05","116"
"Moderate","61.99","122"
"Moderate","71.27","165"
"Moderate","69.02","157"
"Moderate","75.65","162"
"Poor","98.32","207"
"Poor","101.28","230"
"Moderate","83.65","195"
"Moderate","60.98","155"
"Moderate","55.61","104"
"Moderate","77.81","148"
"Moderate","72.49","132"
"Moderate","76.95","159"
"Moderate","80.72","169"
"Moderate","66.31","128"
"Moderate","66.12","125"
"Moderate","83.31","155"
"Poor","92.11","206"
"Moderate","72.64","158"
"Moderate","55.81","131"
"Moderate","72.83","124"
"Moderate","67.7","142"
"Moderate","89.92","164"
"Poor","113.04","251"
"Poor","117.2","268"
"Poor","115.56","292"
"Poor","123.9","296"
"Poor","101.93","290"
"Poor","88.29","203"
"Moderate","52.25","160"
"Satisfactory","58.56","99"
"Moderate","67.75","129"
"Moderate","59.73","131"
"Moderate","64.22","125"
"Moderate","72.28","132"
"Poor","112.67","231"
"Poor","89.89","233"
"Poor","106.06","231"
"Poor","92.74","230"
"Poor","100.71","229"
"Moderate","63.83","150"
"Moderate","98.05","192"
"Poor","123.81","279"
"Very Poor","128.34","305"
"Poor","117.2","293"
"Very Poor","199.94","334"
"Very Poor","113.89","320"
"Poor","123.38","284"
"Poor","104.12","297"
"Moderate","83.42","189"
"Moderate","85.14","180"
"Poor","103.95","229"
"Poor","90.25","224"
"Moderate","93.18","200"
"Poor","108.47","226"
"","",""
"","",""
"","",""
"","71.62",""
"Moderate","83.94","182"
"Moderate","87.12","176"
"Poor","95.29","219"
"Poor","92.94","215"
"Moderate","73.77","179"
"Moderate","81.05","172"
"Moderate","78.53","164"
"Moderate","63.4","169"
"Moderate","65.06","162"
"Moderate","69.68","150"
"Moderate","62.76","136"
"Moderate","51.09","116"
"Moderate","49.31","112"
"Satisfactory","52.48","99"
"Moderate","72.97","140"
"Moderate","72.05","136"
"Moderate","65.12","144"
"Moderate","52.38","121"
"Moderate","67.26","134"
"Moderate","72.41","137"
"Moderate","82.74","169"
"Moderate","66.72","136"
"Moderate","78.83","148"
"Moderate","81.56","174"
"Moderate","72.27","156"
"Moderate","71.19","160"
"Moderate","76.45","157"
"Moderate","86.82","195"
"Poor","61.99","232"
"Moderate","58.94","182"
"Moderate","48.33","131"
"Moderate","50.69","128"
"Moderate","56.85","142"
"Moderate","54.86","124"
"Moderate","37.05","118"
"Moderate","31.85","115"
"Moderate","47.48","121"
"Moderate","48.65","124"
"Moderate","64.04","115"
"Moderate","50.73","124"
"Satisfactory","45.48","85"
"Moderate","60.64","114"
"Moderate","63.92","126"
"Moderate","57.28","120"
"Moderate","48.89","112"
"Moderate","39.85","117"
"Moderate","42.34","109"
"Satisfactory","42.47","99"
"Moderate","96.1","148"
"Poor","93.98","224"
"Moderate","67.56","168"
"Moderate","55.97","105"
"Moderate","60.63","107"
"Moderate","51.64","110"
"Moderate","55.66","121"
"Moderate","54.05","116"
"Moderate","45.64","106"
"Satisfactory","51.89","99"
"Moderate","48.2","110"
"Satisfactory","30.53","88"
"Satisfactory","27.49","71"
"Satisfactory","29.82","73"
"Satisfactory","38.7","82"
"Moderate","36.96","101"
"Satisfactory","29.16","95"
"Satisfactory","22.21","62"
"Satisfactory","23.84","70"
"Satisfactory","27.42","72"
"Satisfactory","38.43","89"
"Satisfactory","36.88","95"
"Satisfactory","23.42","84"
"Satisfactory","39.79","75"
"Satisfactory","47.17","90"
"Satisfactory","29.43","85"
"Satisfactory","22.09","59"
"Satisfactory","28.25","81"
"Satisfactory","18.89","54"
"Satisfactory","15.53","66"
"Satisfactory","17.15","55"
"Satisfactory","27.23","78"
"Satisfactory","19.46","71"
"Satisfactory","17.86","66"
"Satisfactory","16.36","65"
"Satisfactory","21.74","80"
"Satisfactory","15.93","76"
"","26.78",""
"Satisfactory","29.64","98"
"Satisfactory","25.81","86"
"Satisfactory","21.97","76"
"Satisfactory","16.34","77"
"Good","13.9","49"
"Satisfactory","17.59","60"
"Satisfactory","14.44","67"
"Satisfactory","14.65","65"
"Satisfactory","31.6","91"
"","23.95",""
"Satisfactory","22.42","84"
"Satisfactory","18.79","77"
"Satisfactory","14.83","70"
"Satisfactory","16.6","81"
"Satisfactory","19.95","84"
"Moderate","19.27","102"
"Satisfactory","20.57","90"
"Satisfactory","9.35","77"
"Moderate","81.14","119"
"Moderate","16.11","130"
"","15.15",""
"Satisfactory","25.41","81"
"Satisfactory","17.96","76"
"Satisfactory","12","79"
"Satisfactory","20.89","69"
"Moderate","20.64","101"
"Satisfactory","16.73","76"
"","19.4",""
"Satisfactory","14.85","75"
"Satisfactory","11.81","60"
"Good","13.64","47"
"Good","11.32","44"
"Good","13.25","40"
"Good","14.42","38"
"Satisfactory","25.1","56"
"Satisfactory","27.11","87"
"Satisfactory","37.85","98"
"Moderate","34.18","103"
"Moderate","39.17","107"
"Satisfactory","30.78","89"
"Satisfactory","38.25","90"
"","45.63",""
"Moderate","57.79","124"
"Moderate","35.24","101"
"Satisfactory","28.43","82"
"","51.33",""
"Satisfactory","36.75","95"
"Satisfactory","28.69","81"
"Satisfactory","30.94","82"
"Satisfactory","35.48","83"
"Moderate","35.64","105"
"Moderate","38.98","126"
"Moderate","53.56","151"
"Moderate","50.78","158"
"Moderate","","147"
"","",""
"","18.21",""
"","33.71",""
"Moderate","27.7","112"
"Satisfactory","27.05","92"
"Satisfactory","26.17","79"
"Moderate","30.25","101"
"Satisfactory","30","97"
"","27.27",""
"Moderate","33.04","111"
"Satisfactory","27.29","84"
"Satisfactory","32.92","76"
"Satisfactory","33.78","85"
"Satisfactory","32.22","79"
"Satisfactory","31.92","95"
"Satisfactory","38.8","80"
"Satisfactory","33.39","90"
"Satisfactory","24.36","100"
"Satisfactory","27.25","85"
"Satisfactory","35.14","87"
"Satisfactory","33.26","88"
"Satisfactory","34.32","81"
"Satisfactory","30.08","91"
"Satisfactory","31.55","83"
"Satisfactory","25.83","84"
"Satisfactory","28.16","68"
"Satisfactory","36.57","91"
"Satisfactory","21.84","68"
"Satisfactory","28.49","70"
"Satisfactory","22.82","89"
"Satisfactory","29.86","82"
"Satisfactory","22.54","69"
"Satisfactory","27.9","63"
"Satisfactory","27.85","67"
"Satisfactory","32.61","81"
"Moderate","36.78","104"
"Moderate","41.99","127"
"Moderate","43.56","123"
"Moderate","44.48","130"
"Moderate","35.02","125"
"Moderate","35.58","113"
"Moderate","40.33","114"
"Moderate","43","118"
"","60",""
"","74.62",""
"Moderate","40.26","117"
"Moderate","52.43","130"
"Moderate","53.49","142"
"Moderate","","128"
"Moderate","48.5","109"
"Moderate","45.4","106"
"Satisfactory","39.1","73"
"Satisfactory","44.7","100"
"Moderate","53.32","107"
"Satisfactory","34.35","93"
"Satisfactory","21.86","76"
"","35.57",""
"","47.85",""
"","",""
"","43.39",""
"Satisfactory","25.69","87"
"Satisfactory","32.84","72"
"Satisfactory","17.9","63"
"","21.84",""
"Satisfactory","20.96","54"
"Satisfactory","30.03","61"
"Satisfactory","31.38","74"
"Satisfactory","","72"
"","37.25",""
"","",""
"","34.29",""
"Moderate","41.97","122"
"Moderate","48.18","118"
"Moderate","43.89","114"
"Moderate","51.3","116"
"Moderate","35.33","108"
"Satisfactory","39.86","87"
"Satisfactory","45.16","97"
"Moderate","41.12","107"
"Satisfactory","39.34","96"
"Moderate","48.18","106"
"Moderate","41.28","118"
"Moderate","47.03","110"
"Moderate","65.02","141"
"Moderate","48.09","129"
"Moderate","47.34","105"
"Moderate","56.6","106"
"Moderate","64.77","121"
"Satisfactory","62.18","100"
"Moderate","62.22","138"
"Moderate","67.61","154"
"Satisfactory","33.98","96"
"Satisfactory","41.23","100"
"Moderate","47.77","119"
"Moderate","71.26","110"
"Moderate","37.58","102"
"Satisfactory","38.53","77"
"Moderate","38.46","114"
"Satisfactory","29.18","78"
"Satisfactory","28.61","86"
"Satisfactory","34.19","98"
"Satisfactory","36.81","99"
"Satisfactory","18.71","66"
"Satisfactory","28.19","70"
"Moderate","52.09","104"
"Moderate","73.3","157"
"Moderate","64","122"
"Moderate","31.64","107"
"Moderate","62.23","117"
"Moderate","57.35","130"
"Moderate","78.54","149"
"Moderate","69.29","153"
"Moderate","54.88","107"
"Moderate","42.4","112"
"Moderate","31.74","112"
"Moderate","49.33","106"
"Moderate","43.88","115"
"Moderate","69.73","122"
"Moderate","58.04","114"
"Satisfactory","49.55","98"
"Satisfactory","40.69","98"
"Satisfactory","53.01","80"
"Moderate","86.27","144"
"Moderate","145","181"
"Moderate","69.05","168"
"Moderate","99.12","199"
"Poor","107.88","236"
"Poor","111.32","288"
"Poor","90.26","228"
"Moderate","78.89","177"
"Moderate","52.93","152"
"Moderate","63.16","160"
"Moderate","44.31","182"
"Moderate","34.42","118"
"Satisfactory","37.5","95"
"Satisfactory","22.75","63"
"Good","11.04","47"
"Good","11.34","44"
"Good","7.47","38"
"Good","8.24","40"
"Good","11.35","44"
"Satisfactory","30.77","74"
"Good","6.3","23"
"Good","11.18","26"
"Satisfactory","26.88","52"
"Moderate","66.22","141"
"Moderate","45.53","145"
"Moderate","24.8","117"
"Satisfactory","15.91","79"
"Satisfactory","10.99","80"
"Satisfactory","18.69","74"
"Satisfactory","12.35","67"
"Satisfactory","26.6","54"
"Satisfactory","26.94","100"
"Satisfactory","16.71","87"
"Satisfactory","28.1","81"
"Good","21.22","40"
"Satisfactory","15.68","85"
"Good","9.91","50"
"Satisfactory","17.94","88"
"Satisfactory","19.14","71"
"Satisfactory","29.71","93"
"Moderate","21.66","101"
"Satisfactory","29.69","82"
"Moderate","31.14","115"
"Satisfactory","31.84","96"
"Satisfactory","32.55","92"
"Satisfactory","37.71","90"
"Satisfactory","37.67","84"
"Satisfactory","22.75","81"
"Satisfactory","21.33","88"
"Satisfactory","24.66","92"
"Satisfactory","21.06","83"
"Satisfactory","17.05","90"
"Satisfactory","21.16","71"
"Moderate","14.41","110"
"Satisfactory","26.67","74"
"Satisfactory","25.96","92"
"Satisfactory","33.17","95"
"Satisfactory","25.4","100"
"Satisfactory","34.36","86"
"Satisfactory","13.45","77"
"Good","7.63","47"
"Good","15.02","41"
"Satisfactory","24.38","70"
"Satisfactory","22.91","68"
"Satisfactory","16.64","54"
"Good","15","50"